name,smiles
Gly-Gly,NCC(=O)NCC(=O)O
Gly-Ala,NCC(=O)NC(C)C(=O)O
Ala-Gly,NC(C)C(=O)NCC(=O)O
Ala-Ala,NC(C)C(=O)NC(C)C(=O)O
Gly-Val,NCC(=O)NC(C(C)C)C(=O)O
Val-Gly,NC(C(C)C)C(=O)NCC(=O)O
Ala-Val,NC(C)C(=O)NC(C(C)C)C(=O)O
Val-Ala,NC(C(C)C)C(=O)NC(C)C(=O)O
Gly-Leu,NCC(=O)NC(CC(C)C)C(=O)O
Leu-Gly,NC(CC(C)C)C(=O)NCC(=O)O
Gly-Ile,NCC(=O)NC(C(C)CC)C(=O)O
Gly-Phe,NCC(=O)NC(Cc1ccccc1)C(=O)O
Phe-Gly,NC(Cc1ccccc1)C(=O)NCC(=O)O
Ala-Phe,NC(C)C(=O)NC(Cc1ccccc1)C(=O)O
Phe-Ala,NC(Cc1ccccc1)C(=O)NC(C)C(=O)O
Gly-Ser,NCC(=O)NC(CO)C(=O)O
Ser-Gly,NC(CO)C(=O)NCC(=O)O
Gly-Thr,NCC(=O)NC(C(O)C)C(=O)O
Gly-Tyr,NCC(=O)NC(Cc1ccc(O)cc1)C(=O)O
Tyr-Gly,NC(Cc1ccc(O)cc1)C(=O)NCC(=O)O
Gly-Asn,NCC(=O)NC(CC(=O)N)C(=O)O
Gly-Gln,NCC(=O)NC(CCC(=O)N)C(=O)O
Gly-Asp,NCC(=O)NC(CC(=O)O)C(=O)O
Gly-Glu,NCC(=O)NC(CCC(=O)O)C(=O)O
Gly-Met,NCC(=O)NC(CCSC)C(=O)O
Met-Gly,NC(CCSC)C(=O)NCC(=O)O
Gly-Pro,NCC(=O)N1CCCC1C(=O)O
Val-Val,NC(C(C)C)C(=O)NC(C(C)C)C(=O)O
Leu-Leu,NC(CC(C)C)C(=O)NC(CC(C)C)C(=O)O
Phe-Phe,NC(Cc1ccccc1)C(=O)NC(Cc1ccccc1)C(=O)O
Gly-Gly-Gly,NCC(=O)NCC(=O)NCC(=O)O
Gly-Ala-Gly,NCC(=O)NC(C)C(=O)NCC(=O)O
Ala-Gly-Gly,NC(C)C(=O)NCC(=O)NCC(=O)O
Gly-Gly-Ala,NCC(=O)NCC(=O)NC(C)C(=O)O
Ala-Ala-Ala,NC(C)C(=O)NC(C)C(=O)NC(C)C(=O)O
Gly-Val-Gly,NCC(=O)NC(C(C)C)C(=O)NCC(=O)O
Gly-Leu-Gly,NCC(=O)NC(CC(C)C)C(=O)NCC(=O)O
Gly-Phe-Gly,NCC(=O)NC(Cc1ccccc1)C(=O)NCC(=O)O
Phe-Gly-Gly,NC(Cc1ccccc1)C(=O)NCC(=O)NCC(=O)O
Gly-Gly-Phe,NCC(=O)NCC(=O)NC(Cc1ccccc1)C(=O)O
Gly-Ser-Gly,NCC(=O)NC(CO)C(=O)NCC(=O)O
Gly-Tyr-Gly,NCC(=O)NC(Cc1ccc(O)cc1)C(=O)NCC(=O)O
Gly-Pro-Gly,NCC(=O)N1CCCC1C(=O)NCC(=O)O
Ala-Val-Leu,NC(C)C(=O)NC(C(C)C)C(=O)NC(CC(C)C)C(=O)O
Leu-Ala-Gly,NC(CC(C)C)C(=O)NC(C)C(=O)NCC(=O)O
Gly-Gly-Gly-Gly,NCC(=O)NCC(=O)NCC(=O)NCC(=O)O
Ala-Ala-Ala-Ala,NC(C)C(=O)NC(C)C(=O)NC(C)C(=O)NC(C)C(=O)O
Gly-Phe-Gly-Gly,NCC(=O)NC(Cc1ccccc1)C(=O)NCC(=O)NCC(=O)O
Penta-Gly,NCC(=O)NCC(=O)NCC(=O)NCC(=O)NCC(=O)O
Leu-Enkephalin-like,NC(Cc1ccc(O)cc1)C(=O)NCC(=O)NCC(=O)NC(Cc1ccccc1)C(=O)NC(CC(C)C)C(=O)O
